Satellite Name,Visibility Time (UTC)
STARLINK-1297,2024-06-25 00:00:00
STARLINK-2103,2024-06-25 00:01:00
STARLINK-1231,2024-06-25 00:02:00
STARLINK-1231,2024-06-25 00:03:00
STARLINK-1231,2024-06-25 00:04:00
STARLINK-1301,2024-06-25 00:05:00
STARLINK-1301,2024-06-25 00:06:00
STARLINK-1746,2024-06-25 00:07:00
STARLINK-1340,2024-06-25 00:08:00
STARLINK-1324,2024-06-25 00:09:00
STARLINK-1291,2024-06-25 00:10:00
STARLINK-1291,2024-06-25 00:11:00
STARLINK-1398,2024-06-25 00:12:00
STARLINK-1208,2024-06-25 00:13:00
STARLINK-1208,2024-06-25 00:14:00
STARLINK-2120,2024-06-25 00:15:00
STARLINK-1407,2024-06-25 00:16:00
STARLINK-1407,2024-06-25 00:17:00
STARLINK-1728,2024-06-25 00:18:00
STARLINK-1271,2024-06-25 00:19:00
STARLINK-1271,2024-06-25 00:20:00
STARLINK-1405,2024-06-25 00:21:00
STARLINK-1405,2024-06-25 00:22:00
STARLINK-1405,2024-06-25 00:23:00
STARLINK-1714,2024-06-25 00:24:00
STARLINK-1705,2024-06-25 00:25:00
STARLINK-1705,2024-06-25 00:26:00
STARLINK-1272,2024-06-25 00:27:00
STARLINK-1332,2024-06-25 00:28:00
STARLINK-1730,2024-06-25 00:29:00
STARLINK-1730,2024-06-25 00:30:00
STARLINK-1730,2024-06-25 00:31:00
STARLINK-1455,2024-06-25 00:32:00
STARLINK-1455,2024-06-25 00:33:00
STARLINK-1455,2024-06-25 00:34:00
STARLINK-1269,2024-06-25 00:35:00
STARLINK-1269,2024-06-25 00:36:00
STARLINK-2123,2024-06-25 00:37:00
STARLINK-1276,2024-06-25 00:38:00
STARLINK-1418,2024-06-25 00:39:00
STARLINK-1712,2024-06-25 00:40:00
STARLINK-1200,2024-06-25 00:41:00
STARLINK-1671,2024-06-25 00:42:00
STARLINK-1305,2024-06-25 00:43:00
STARLINK-1305,2024-06-25 00:44:00
STARLINK-1351,2024-06-25 00:45:00
STARLINK-1740,2024-06-25 00:46:00
STARLINK-1740,2024-06-25 00:47:00
STARLINK-1262,2024-06-25 00:48:00
STARLINK-1262,2024-06-25 00:49:00
STARLINK-1403,2024-06-25 00:50:00
STARLINK-1244,2024-06-25 00:51:00
STARLINK-1244,2024-06-25 00:52:00
STARLINK-1196,2024-06-25 00:53:00
STARLINK-1300,2024-06-25 00:54:00
STARLINK-1300,2024-06-25 00:55:00
STARLINK-1709,2024-06-25 00:56:00
STARLINK-1138,2024-06-25 00:57:00
STARLINK-1138,2024-06-25 00:58:00
STARLINK-1295,2024-06-25 00:59:00
STARLINK-1295,2024-06-25 01:00:00
STARLINK-1295,2024-06-25 01:01:00
STARLINK-1967,2024-06-25 01:02:00
STARLINK-1967,2024-06-25 01:03:00
STARLINK-2022,2024-06-25 01:04:00
STARLINK-2022,2024-06-25 01:05:00
STARLINK-2476,2024-06-25 01:06:00
STARLINK-2121,2024-06-25 01:07:00
STARLINK-2121,2024-06-25 01:08:00
STARLINK-2033,2024-06-25 01:09:00
STARLINK-1306,2024-06-25 01:10:00
STARLINK-1306,2024-06-25 01:11:00
STARLINK-1306,2024-06-25 01:12:00
STARLINK-2065,2024-06-25 01:13:00
STARLINK-4106,2024-06-25 01:14:00
STARLINK-1302,2024-06-25 01:15:00
STARLINK-1302,2024-06-25 01:16:00
STARLINK-1302,2024-06-25 01:17:00
STARLINK-2002,2024-06-25 01:18:00
STARLINK-1240,2024-06-25 01:19:00
STARLINK-1240,2024-06-25 01:20:00
STARLINK-1240,2024-06-25 01:21:00
STARLINK-1273,2024-06-25 01:22:00
STARLINK-1273,2024-06-25 01:23:00
STARLINK-1216,2024-06-25 01:24:00
STARLINK-1216,2024-06-25 01:25:00
STARLINK-1216,2024-06-25 01:26:00
STARLINK-1399,2024-06-25 01:27:00
STARLINK-1399,2024-06-25 01:28:00
STARLINK-1055,2024-06-25 01:29:00
STARLINK-1055,2024-06-25 01:30:00
STARLINK-1055,2024-06-25 01:31:00
STARLINK-1308,2024-06-25 01:32:00
STARLINK-1308,2024-06-25 01:33:00
STARLINK-1308,2024-06-25 01:34:00
STARLINK-1697,2024-06-25 01:35:00
STARLINK-1202,2024-06-25 01:36:00
STARLINK-1202,2024-06-25 01:37:00
STARLINK-1286,2024-06-25 01:38:00
STARLINK-1286,2024-06-25 01:39:00
STARLINK-1394,2024-06-25 01:40:00
STARLINK-1700,2024-06-25 01:41:00
STARLINK-1246,2024-06-25 01:42:00
STARLINK-1414,2024-06-25 01:43:00
STARLINK-1304,2024-06-25 01:44:00
STARLINK-1414,2024-06-25 01:45:00
STARLINK-1663,2024-06-25 01:46:00
STARLINK-1663,2024-06-25 01:47:00
STARLINK-2059,2024-06-25 01:48:00
STARLINK-1395,2024-06-25 01:49:00
STARLINK-1395,2024-06-25 01:50:00
STARLINK-1344,2024-06-25 01:51:00
STARLINK-1344,2024-06-25 01:52:00
STARLINK-1678,2024-06-25 01:53:00
STARLINK-1397,2024-06-25 01:54:00
STARLINK-1397,2024-06-25 01:55:00
STARLINK-1397,2024-06-25 01:56:00
STARLINK-1696,2024-06-25 01:57:00
STARLINK-1445,2024-06-25 01:58:00
STARLINK-2644,2024-06-25 01:59:00
STARLINK-1021,2024-06-25 02:00:00
STARLINK-2069,2024-06-25 02:01:00
STARLINK-1659,2024-06-25 02:02:00
STARLINK-1446,2024-06-25 02:03:00
STARLINK-1446,2024-06-25 02:04:00
STARLINK-1019,2024-06-25 02:05:00
STARLINK-1019,2024-06-25 02:06:00
STARLINK-1449,2024-06-25 02:07:00
STARLINK-1458,2024-06-25 02:08:00
STARLINK-1458,2024-06-25 02:09:00
STARLINK-1012,2024-06-25 02:10:00
STARLINK-1012,2024-06-25 02:11:00
STARLINK-1012,2024-06-25 02:12:00
STARLINK-2034,2024-06-25 02:13:00
STARLINK-1456,2024-06-25 02:14:00
STARLINK-1456,2024-06-25 02:15:00
STARLINK-2010,2024-06-25 02:16:00
STARLINK-1404,2024-06-25 02:17:00
STARLINK-1404,2024-06-25 02:18:00
STARLINK-2130,2024-06-25 02:19:00
STARLINK-2130,2024-06-25 02:20:00
STARLINK-1013,2024-06-25 02:21:00
STARLINK-1013,2024-06-25 02:22:00
STARLINK-1013,2024-06-25 02:23:00
STARLINK-2109,2024-06-25 02:24:00
STARLINK-1457,2024-06-25 02:25:00
STARLINK-1457,2024-06-25 02:26:00
STARLINK-1009,2024-06-25 02:27:00
STARLINK-1009,2024-06-25 02:28:00
STARLINK-1009,2024-06-25 02:29:00
STARLINK-2119,2024-06-25 02:30:00
STARLINK-3903,2024-06-25 02:31:00
STARLINK-2039,2024-06-25 02:32:00
STARLINK-2039,2024-06-25 02:33:00
STARLINK-1346,2024-06-25 02:34:00
STARLINK-2084,2024-06-25 02:35:00
STARLINK-2084,2024-06-25 02:36:00
STARLINK-1320,2024-06-25 02:37:00
STARLINK-1320,2024-06-25 02:38:00
STARLINK-1320,2024-06-25 02:39:00
STARLINK-1015,2024-06-25 02:40:00
STARLINK-1015,2024-06-25 02:41:00
STARLINK-2038,2024-06-25 02:42:00
STARLINK-2038,2024-06-25 02:43:00
STARLINK-1008,2024-06-25 02:44:00
STARLINK-1008,2024-06-25 02:45:00
STARLINK-1505,2024-06-25 02:46:00
STARLINK-1443,2024-06-25 02:47:00
STARLINK-1443,2024-06-25 02:48:00
STARLINK-1360,2024-06-25 02:49:00
STARLINK-1360,2024-06-25 02:50:00
STARLINK-1360,2024-06-25 02:51:00
STARLINK-1497,2024-06-25 02:52:00
STARLINK-1448,2024-06-25 02:53:00
STARLINK-1448,2024-06-25 02:54:00
STARLINK-1010,2024-06-25 02:55:00
STARLINK-1010,2024-06-25 02:56:00
STARLINK-1513,2024-06-25 02:57:00
STARLINK-1451,2024-06-25 02:58:00
STARLINK-1451,2024-06-25 02:59:00
STARLINK-3727,2024-06-25 03:00:00
STARLINK-1017,2024-06-25 03:01:00
STARLINK-1482,2024-06-25 03:02:00
STARLINK-1482,2024-06-25 03:03:00
STARLINK-1482,2024-06-25 03:04:00
STARLINK-1475,2024-06-25 03:05:00
STARLINK-1475,2024-06-25 03:06:00
STARLINK-2540,2024-06-25 03:07:00
STARLINK-1517,2024-06-25 03:08:00
STARLINK-1517,2024-06-25 03:09:00
STARLINK-1517,2024-06-25 03:10:00
STARLINK-1761,2024-06-25 03:11:00
STARLINK-2438,2024-06-25 03:12:00
STARLINK-1927,2024-06-25 03:13:00
STARLINK-1470,2024-06-25 03:14:00
STARLINK-1334,2024-06-25 03:15:00
STARLINK-2030,2024-06-25 03:16:00
STARLINK-1057,2024-06-25 03:17:00
STARLINK-2520,2024-06-25 03:18:00
STARLINK-1512,2024-06-25 03:19:00
STARLINK-1323,2024-06-25 03:20:00
STARLINK-1323,2024-06-25 03:21:00
STARLINK-3818,2024-06-25 03:22:00
STARLINK-1349,2024-06-25 03:23:00
STARLINK-1349,2024-06-25 03:24:00
STARLINK-1336,2024-06-25 03:25:00
STARLINK-1336,2024-06-25 03:26:00
STARLINK-1068,2024-06-25 03:27:00
STARLINK-1068,2024-06-25 03:28:00
STARLINK-1068,2024-06-25 03:29:00
STARLINK-1463,2024-06-25 03:30:00
STARLINK-1463,2024-06-25 03:31:00
STARLINK-1463,2024-06-25 03:32:00
STARLINK-1027,2024-06-25 03:33:00
STARLINK-1027,2024-06-25 03:34:00
STARLINK-2144,2024-06-25 03:35:00
STARLINK-1333,2024-06-25 03:36:00
STARLINK-1333,2024-06-25 03:37:00
STARLINK-1060,2024-06-25 03:38:00
STARLINK-1060,2024-06-25 03:39:00
STARLINK-1060,2024-06-25 03:40:00
STARLINK-2159,2024-06-25 03:41:00
STARLINK-1354,2024-06-25 03:42:00
STARLINK-1354,2024-06-25 03:43:00
STARLINK-1030,2024-06-25 03:44:00
STARLINK-1030,2024-06-25 03:45:00
STARLINK-1030,2024-06-25 03:46:00
STARLINK-1357,2024-06-25 03:47:00
STARLINK-1357,2024-06-25 03:48:00
STARLINK-1020,2024-06-25 03:49:00
STARLINK-1020,2024-06-25 03:50:00
STARLINK-1020,2024-06-25 03:51:00
STARLINK-2152,2024-06-25 03:52:00
STARLINK-1327,2024-06-25 03:53:00
STARLINK-1327,2024-06-25 03:54:00
STARLINK-2193,2024-06-25 03:55:00
STARLINK-1563,2024-06-25 03:56:00
STARLINK-2193,2024-06-25 03:57:00
STARLINK-1356,2024-06-25 03:58:00
STARLINK-1356,2024-06-25 03:59:00
STARLINK-1356,2024-06-25 04:00:00
STARLINK-1542,2024-06-25 04:01:00
STARLINK-1483,2024-06-25 04:02:00
STARLINK-1483,2024-06-25 04:03:00
STARLINK-1355,2024-06-25 04:04:00
STARLINK-1355,2024-06-25 04:05:00
STARLINK-1031,2024-06-25 04:06:00
STARLINK-1031,2024-06-25 04:07:00
STARLINK-1578,2024-06-25 04:08:00
STARLINK-1358,2024-06-25 04:09:00
STARLINK-1358,2024-06-25 04:10:00
STARLINK-1358,2024-06-25 04:11:00
STARLINK-1536,2024-06-25 04:12:00
STARLINK-1536,2024-06-25 04:13:00
STARLINK-1391,2024-06-25 04:14:00
STARLINK-1342,2024-06-25 04:15:00
STARLINK-1342,2024-06-25 04:16:00
STARLINK-1035,2024-06-25 04:17:00
STARLINK-1035,2024-06-25 04:18:00
STARLINK-1551,2024-06-25 04:19:00
STARLINK-1042,2024-06-25 04:20:00
STARLINK-1042,2024-06-25 04:21:00
STARLINK-1802,2024-06-25 04:22:00
STARLINK-2534,2024-06-25 04:23:00
STARLINK-2179,2024-06-25 04:24:00
STARLINK-1476,2024-06-25 04:25:00
STARLINK-1476,2024-06-25 04:26:00
STARLINK-1476,2024-06-25 04:27:00
STARLINK-1559,2024-06-25 04:28:00
STARLINK-1559,2024-06-25 04:29:00
STARLINK-1477,2024-06-25 04:30:00
STARLINK-1477,2024-06-25 04:31:00
STARLINK-1373,2024-06-25 04:32:00
STARLINK-1773,2024-06-25 04:33:00
STARLINK-1058,2024-06-25 04:34:00
STARLINK-1378,2024-06-25 04:35:00
STARLINK-1378,2024-06-25 04:36:00
STARLINK-1338,2024-06-25 04:37:00
STARLINK-1338,2024-06-25 04:38:00
STARLINK-1538,2024-06-25 04:39:00
STARLINK-1538,2024-06-25 04:40:00
STARLINK-1538,2024-06-25 04:41:00
STARLINK-1365,2024-06-25 04:42:00
STARLINK-1365,2024-06-25 04:43:00
STARLINK-1062,2024-06-25 04:44:00
STARLINK-1062,2024-06-25 04:45:00
STARLINK-1062,2024-06-25 04:46:00
STARLINK-1371,2024-06-25 04:47:00
STARLINK-1213,2024-06-25 04:48:00
STARLINK-1371,2024-06-25 04:49:00
STARLINK-1056,2024-06-25 04:50:00
STARLINK-1056,2024-06-25 04:51:00
STARLINK-1160,2024-06-25 04:52:00
STARLINK-1341,2024-06-25 04:53:00
STARLINK-1341,2024-06-25 04:54:00
STARLINK-1054,2024-06-25 04:55:00
STARLINK-1054,2024-06-25 04:56:00
STARLINK-1054,2024-06-25 04:57:00
STARLINK-1374,2024-06-25 04:58:00
STARLINK-1374,2024-06-25 04:59:00
STARLINK-1374,2024-06-25 05:00:00
STARLINK-2180,2024-06-25 05:01:00
STARLINK-1139,2024-06-25 05:02:00
STARLINK-1139,2024-06-25 05:03:00
STARLINK-2029,2024-06-25 05:04:00
STARLINK-2184,2024-06-25 05:05:00
STARLINK-2184,2024-06-25 05:06:00
STARLINK-2184,2024-06-25 05:07:00
STARLINK-2189,2024-06-25 05:08:00
STARLINK-2433,2024-06-25 05:09:00
STARLINK-2469,2024-06-25 05:10:00
STARLINK-2388,2024-06-25 05:11:00
STARLINK-1061,2024-06-25 05:12:00
STARLINK-1061,2024-06-25 05:13:00
STARLINK-1459,2024-06-25 05:14:00
STARLINK-1375,2024-06-25 05:15:00
STARLINK-1375,2024-06-25 05:16:00
STARLINK-1067,2024-06-25 05:17:00
STARLINK-1067,2024-06-25 05:18:00
STARLINK-1067,2024-06-25 05:19:00
STARLINK-2386,2024-06-25 05:20:00
STARLINK-1350,2024-06-25 05:21:00
STARLINK-1350,2024-06-25 05:22:00
STARLINK-1053,2024-06-25 05:23:00
STARLINK-1053,2024-06-25 05:24:00
STARLINK-1362,2024-06-25 05:25:00
STARLINK-1352,2024-06-25 05:26:00
STARLINK-1352,2024-06-25 05:27:00
STARLINK-1352,2024-06-25 05:28:00
STARLINK-1043,2024-06-25 05:29:00
STARLINK-1043,2024-06-25 05:30:00
STARLINK-1481,2024-06-25 05:31:00
STARLINK-1368,2024-06-25 05:32:00
STARLINK-1368,2024-06-25 05:33:00
STARLINK-1063,2024-06-25 05:34:00
STARLINK-1063,2024-06-25 05:35:00
STARLINK-1577,2024-06-25 05:36:00
STARLINK-2427,2024-06-25 05:37:00
STARLINK-1369,2024-06-25 05:38:00
STARLINK-1801,2024-06-25 05:39:00
STARLINK-1574,2024-06-25 05:40:00
STARLINK-1574,2024-06-25 05:41:00
STARLINK-1480,2024-06-25 05:42:00
STARLINK-1480,2024-06-25 05:43:00
STARLINK-1480,2024-06-25 05:44:00
STARLINK-1554,2024-06-25 05:45:00
STARLINK-1492,2024-06-25 05:46:00
STARLINK-1492,2024-06-25 05:47:00
STARLINK-2384,2024-06-25 05:48:00
STARLINK-1780,2024-06-25 05:49:00
STARLINK-1780,2024-06-25 05:50:00
STARLINK-1541,2024-06-25 05:51:00
STARLINK-1541,2024-06-25 05:52:00
STARLINK-2334,2024-06-25 05:53:00
STARLINK-1555,2024-06-25 05:54:00
STARLINK-1564,2024-06-25 05:55:00
STARLINK-1136,2024-06-25 05:56:00
STARLINK-1136,2024-06-25 05:57:00
STARLINK-1543,2024-06-25 05:58:00
STARLINK-1582,2024-06-25 05:59:00
STARLINK-1582,2024-06-25 06:00:00
STARLINK-1193,2024-06-25 06:01:00
STARLINK-1193,2024-06-25 06:02:00
STARLINK-1504,2024-06-25 06:03:00
STARLINK-1504,2024-06-25 06:04:00
STARLINK-1522,2024-06-25 06:05:00
STARLINK-1522,2024-06-25 06:06:00
STARLINK-1184,2024-06-25 06:07:00
STARLINK-1184,2024-06-25 06:08:00
STARLINK-1548,2024-06-25 06:09:00
STARLINK-1465,2024-06-25 06:10:00
STARLINK-1465,2024-06-25 06:11:00
STARLINK-1288,2024-06-25 06:12:00
STARLINK-1288,2024-06-25 06:13:00
STARLINK-1540,2024-06-25 06:14:00
STARLINK-1526,2024-06-25 06:15:00
STARLINK-1474,2024-06-25 06:16:00
STARLINK-1526,2024-06-25 06:17:00
STARLINK-1142,2024-06-25 06:18:00
STARLINK-1142,2024-06-25 06:19:00
STARLINK-1140,2024-06-25 06:20:00
STARLINK-1140,2024-06-25 06:21:00
STARLINK-1799,2024-06-25 06:22:00
STARLINK-1137,2024-06-25 06:23:00
STARLINK-1137,2024-06-25 06:24:00
STARLINK-1137,2024-06-25 06:25:00
STARLINK-1523,2024-06-25 06:26:00
STARLINK-1523,2024-06-25 06:27:00
STARLINK-1523,2024-06-25 06:28:00
STARLINK-1147,2024-06-25 06:29:00
STARLINK-1147,2024-06-25 06:30:00
STARLINK-2424,2024-06-25 06:31:00
STARLINK-1544,2024-06-25 06:32:00
STARLINK-1544,2024-06-25 06:33:00
STARLINK-1152,2024-06-25 06:34:00
STARLINK-1152,2024-06-25 06:35:00
STARLINK-1152,2024-06-25 06:36:00
STARLINK-1591,2024-06-25 06:37:00
STARLINK-1146,2024-06-25 06:38:00
STARLINK-1146,2024-06-25 06:39:00
STARLINK-1146,2024-06-25 06:40:00
STARLINK-1318,2024-06-25 06:41:00
STARLINK-2411,2024-06-25 06:42:00
STARLINK-1534,2024-06-25 06:43:00
STARLINK-1534,2024-06-25 06:44:00
STARLINK-1715,2024-06-25 06:45:00
STARLINK-1675,2024-06-25 06:46:00
STARLINK-1675,2024-06-25 06:47:00
STARLINK-1275,2024-06-25 06:48:00
STARLINK-1275,2024-06-25 06:49:00
STARLINK-1580,2024-06-25 06:50:00
STARLINK-1185,2024-06-25 06:51:00
STARLINK-1185,2024-06-25 06:52:00
STARLINK-1309,2024-06-25 06:53:00
STARLINK-1096,2024-06-25 06:54:00
STARLINK-1096,2024-06-25 06:55:00
STARLINK-1096,2024-06-25 06:56:00
STARLINK-1186,2024-06-25 06:57:00
STARLINK-1282,2024-06-25 06:58:00
STARLINK-2401,2024-06-25 06:59:00
STARLINK-2401,2024-06-25 07:00:00
STARLINK-1176,2024-06-25 07:01:00
STARLINK-2224,2024-06-25 07:02:00
STARLINK-2395,2024-06-25 07:03:00
STARLINK-1775,2024-06-25 07:04:00
STARLINK-1775,2024-06-25 07:05:00
STARLINK-1775,2024-06-25 07:06:00
STARLINK-2361,2024-06-25 07:07:00
STARLINK-1279,2024-06-25 07:08:00
STARLINK-1279,2024-06-25 07:09:00
STARLINK-1289,2024-06-25 07:10:00
STARLINK-1272,2024-06-25 07:11:00
STARLINK-2107,2024-06-25 07:12:00
STARLINK-1298,2024-06-25 07:13:00
STARLINK-1298,2024-06-25 07:14:00
STARLINK-1298,2024-06-25 07:15:00
STARLINK-1207,2024-06-25 07:16:00
STARLINK-1207,2024-06-25 07:17:00
STARLINK-1133,2024-06-25 07:18:00
STARLINK-1133,2024-06-25 07:19:00
STARLINK-1293,2024-06-25 07:20:00
STARLINK-1266,2024-06-25 07:21:00
STARLINK-1266,2024-06-25 07:22:00
STARLINK-1266,2024-06-25 07:23:00
STARLINK-1151,2024-06-25 07:24:00
STARLINK-1151,2024-06-25 07:25:00
STARLINK-1255,2024-06-25 07:26:00
STARLINK-1284,2024-06-25 07:27:00
STARLINK-1284,2024-06-25 07:28:00
STARLINK-1174,2024-06-25 07:29:00
STARLINK-1174,2024-06-25 07:30:00
STARLINK-1174,2024-06-25 07:31:00
STARLINK-1258,2024-06-25 07:32:00
STARLINK-1258,2024-06-25 07:33:00
STARLINK-1258,2024-06-25 07:34:00
STARLINK-1627,2024-06-25 07:35:00
STARLINK-1627,2024-06-25 07:36:00
STARLINK-2355,2024-06-25 07:37:00
STARLINK-1292,2024-06-25 07:38:00
STARLINK-1292,2024-06-25 07:39:00
STARLINK-1292,2024-06-25 07:40:00
STARLINK-2310,2024-06-25 07:41:00
STARLINK-2325,2024-06-25 07:42:00
STARLINK-1274,2024-06-25 07:43:00
STARLINK-1274,2024-06-25 07:44:00
STARLINK-1153,2024-06-25 07:45:00
STARLINK-1153,2024-06-25 07:46:00
STARLINK-1153,2024-06-25 07:47:00
STARLINK-2320,2024-06-25 07:48:00
STARLINK-1699,2024-06-25 07:49:00
STARLINK-1099,2024-06-25 07:50:00
STARLINK-1132,2024-06-25 07:51:00
STARLINK-1132,2024-06-25 07:52:00
STARLINK-1132,2024-06-25 07:53:00
STARLINK-1303,2024-06-25 07:54:00
STARLINK-1303,2024-06-25 07:55:00
STARLINK-1303,2024-06-25 07:56:00
STARLINK-1167,2024-06-25 07:57:00
STARLINK-1167,2024-06-25 07:58:00
STARLINK-1587,2024-06-25 07:59:00
STARLINK-1312,2024-06-25 08:00:00
STARLINK-1312,2024-06-25 08:01:00
STARLINK-1168,2024-06-25 08:02:00
STARLINK-1168,2024-06-25 08:03:00
STARLINK-1168,2024-06-25 08:04:00
STARLINK-1612,2024-06-25 08:05:00
STARLINK-1161,2024-06-25 08:06:00
STARLINK-1161,2024-06-25 08:07:00
STARLINK-1161,2024-06-25 08:08:00
STARLINK-1177,2024-06-25 08:09:00
STARLINK-1610,2024-06-25 08:10:00
STARLINK-1307,2024-06-25 08:11:00
STARLINK-1307,2024-06-25 08:12:00
STARLINK-1741,2024-06-25 08:13:00
STARLINK-1741,2024-06-25 08:14:00
STARLINK-1741,2024-06-25 08:15:00
STARLINK-1637,2024-06-25 08:16:00
STARLINK-1637,2024-06-25 08:17:00
STARLINK-2362,2024-06-25 08:18:00
STARLINK-1749,2024-06-25 08:19:00
STARLINK-1749,2024-06-25 08:20:00
STARLINK-1749,2024-06-25 08:21:00
STARLINK-2309,2024-06-25 08:22:00
STARLINK-2351,2024-06-25 08:23:00
STARLINK-1736,2024-06-25 08:24:00
STARLINK-1615,2024-06-25 08:25:00
STARLINK-1486,2024-06-25 08:26:00
STARLINK-1622,2024-06-25 08:27:00
STARLINK-1304,2024-06-25 08:28:00
STARLINK-1102,2024-06-25 08:29:00
STARLINK-1102,2024-06-25 08:30:00
STARLINK-1679,2024-06-25 08:31:00
STARLINK-1667,2024-06-25 08:32:00
STARLINK-1280,2024-06-25 08:33:00
STARLINK-1280,2024-06-25 08:34:00
STARLINK-1171,2024-06-25 08:35:00
STARLINK-1082,2024-06-25 08:36:00
STARLINK-1733,2024-06-25 08:37:00
STARLINK-1278,2024-06-25 08:38:00
STARLINK-1278,2024-06-25 08:39:00
STARLINK-2339,2024-06-25 08:40:00
STARLINK-1487,2024-06-25 08:41:00
STARLINK-1487,2024-06-25 08:42:00
STARLINK-1639,2024-06-25 08:43:00
STARLINK-1281,2024-06-25 08:44:00
STARLINK-1281,2024-06-25 08:45:00
STARLINK-1166,2024-06-25 08:46:00
STARLINK-1166,2024-06-25 08:47:00
STARLINK-1705,2024-06-25 08:48:00
STARLINK-1277,2024-06-25 08:49:00
STARLINK-1277,2024-06-25 08:50:00
STARLINK-1277,2024-06-25 08:51:00
STARLINK-1732,2024-06-25 08:52:00
STARLINK-1730,2024-06-25 08:53:00
STARLINK-2452,2024-06-25 08:54:00
STARLINK-1319,2024-06-25 08:55:00
STARLINK-1319,2024-06-25 08:56:00
STARLINK-1169,2024-06-25 08:57:00
STARLINK-1169,2024-06-25 08:58:00
STARLINK-1169,2024-06-25 08:59:00
STARLINK-1196,2024-06-25 09:00:00
STARLINK-1276,2024-06-25 09:01:00
STARLINK-1276,2024-06-25 09:02:00
STARLINK-2346,2024-06-25 09:03:00
STARLINK-1907,2024-06-25 09:04:00
STARLINK-1671,2024-06-25 09:05:00
STARLINK-1305,2024-06-25 09:06:00
STARLINK-1128,2024-06-25 09:07:00
STARLINK-2368,2024-06-25 09:08:00
STARLINK-1672,2024-06-25 09:09:00
STARLINK-1876,2024-06-25 09:10:00
STARLINK-1262,2024-06-25 09:11:00
STARLINK-1262,2024-06-25 09:12:00
STARLINK-1262,2024-06-25 09:13:00
STARLINK-1648,2024-06-25 09:14:00
STARLINK-1648,2024-06-25 09:15:00
STARLINK-1636,2024-06-25 09:16:00
STARLINK-1300,2024-06-25 09:17:00
STARLINK-1300,2024-06-25 09:18:00
STARLINK-1190,2024-06-25 09:19:00
STARLINK-1190,2024-06-25 09:20:00
STARLINK-1190,2024-06-25 09:21:00
STARLINK-1295,2024-06-25 09:22:00
STARLINK-1295,2024-06-25 09:23:00
STARLINK-1295,2024-06-25 09:24:00
STARLINK-1134,2024-06-25 09:25:00
STARLINK-1134,2024-06-25 09:26:00
STARLINK-1635,2024-06-25 09:27:00
STARLINK-1635,2024-06-25 09:28:00
STARLINK-1635,2024-06-25 09:29:00
STARLINK-1531,2024-06-25 09:30:00
STARLINK-1531,2024-06-25 09:31:00
STARLINK-1929,2024-06-25 09:32:00
STARLINK-1929,2024-06-25 09:33:00
STARLINK-1306,2024-06-25 09:34:00
STARLINK-2414,2024-06-25 09:35:00
STARLINK-2326,2024-06-25 09:36:00
STARLINK-1131,2024-06-25 09:37:00
STARLINK-1849,2024-06-25 09:38:00
STARLINK-2273,2024-06-25 09:39:00
STARLINK-1880,2024-06-25 09:40:00
STARLINK-1701,2024-06-25 09:41:00
STARLINK-1701,2024-06-25 09:42:00
STARLINK-1600,2024-06-25 09:43:00
STARLINK-1055,2024-06-25 09:44:00
STARLINK-1017,2024-06-25 09:45:00
STARLINK-1844,2024-06-25 09:46:00
STARLINK-1692,2024-06-25 09:47:00
STARLINK-1692,2024-06-25 09:48:00
STARLINK-1603,2024-06-25 09:49:00
STARLINK-1603,2024-06-25 09:50:00
STARLINK-1603,2024-06-25 09:51:00
STARLINK-1014,2024-06-25 09:52:00
STARLINK-1014,2024-06-25 09:53:00
STARLINK-1729,2024-06-25 09:54:00
STARLINK-1545,2024-06-25 09:55:00
STARLINK-1545,2024-06-25 09:56:00
STARLINK-1643,2024-06-25 09:57:00
STARLINK-1643,2024-06-25 09:58:00
STARLINK-1007,2024-06-25 09:59:00
STARLINK-1007,2024-06-25 10:00:00
STARLINK-1007,2024-06-25 10:01:00
STARLINK-1048,2024-06-25 10:02:00
STARLINK-1846,2024-06-25 10:03:00
STARLINK-1468,2024-06-25 10:04:00
STARLINK-1468,2024-06-25 10:05:00
STARLINK-1468,2024-06-25 10:06:00
STARLINK-1777,2024-06-25 10:07:00
STARLINK-1076,2024-06-25 10:08:00
STARLINK-1076,2024-06-25 10:09:00
STARLINK-1076,2024-06-25 10:10:00
STARLINK-2645,2024-06-25 10:11:00
STARLINK-1585,2024-06-25 10:12:00
STARLINK-1912,2024-06-25 10:13:00
STARLINK-1092,2024-06-25 10:14:00
STARLINK-1092,2024-06-25 10:15:00
STARLINK-1489,2024-06-25 10:16:00
STARLINK-1028,2024-06-25 10:17:00
STARLINK-1028,2024-06-25 10:18:00
STARLINK-1028,2024-06-25 10:19:00
STARLINK-1080,2024-06-25 10:20:00
STARLINK-1080,2024-06-25 10:21:00
STARLINK-1883,2024-06-25 10:22:00
STARLINK-1021,2024-06-25 10:23:00
STARLINK-1021,2024-06-25 10:24:00
STARLINK-1090,2024-06-25 10:25:00
STARLINK-1090,2024-06-25 10:26:00
STARLINK-1111,2024-06-25 10:27:00
STARLINK-1019,2024-06-25 10:28:00
STARLINK-1019,2024-06-25 10:29:00
STARLINK-1019,2024-06-25 10:30:00
STARLINK-1089,2024-06-25 10:31:00
STARLINK-1089,2024-06-25 10:32:00
STARLINK-1640,2024-06-25 10:33:00
STARLINK-1012,2024-06-25 10:34:00
STARLINK-1012,2024-06-25 10:35:00
STARLINK-1496,2024-06-25 10:36:00
STARLINK-1496,2024-06-25 10:37:00
STARLINK-1496,2024-06-25 10:38:00
STARLINK-1590,2024-06-25 10:39:00
STARLINK-1590,2024-06-25 10:40:00
STARLINK-2723,2024-06-25 10:41:00
STARLINK-1066,2024-06-25 10:42:00
STARLINK-1066,2024-06-25 10:43:00
STARLINK-1641,2024-06-25 10:44:00
STARLINK-1013,2024-06-25 10:45:00
STARLINK-1013,2024-06-25 10:46:00
STARLINK-1852,2024-06-25 10:47:00
STARLINK-1798,2024-06-25 10:48:00
STARLINK-1597,2024-06-25 10:49:00
STARLINK-1597,2024-06-25 10:50:00
STARLINK-1009,2024-06-25 10:51:00
STARLINK-1941,2024-06-25 10:52:00
STARLINK-2697,2024-06-25 10:53:00
STARLINK-2266,2024-06-25 10:54:00
STARLINK-1593,2024-06-25 10:55:00
STARLINK-1593,2024-06-25 10:56:00
STARLINK-1593,2024-06-25 10:57:00
STARLINK-1834,2024-06-25 10:58:00
STARLINK-2285,2024-06-25 10:59:00
STARLINK-1629,2024-06-25 11:00:00
STARLINK-1629,2024-06-25 11:01:00
STARLINK-1629,2024-06-25 11:02:00
STARLINK-1942,2024-06-25 11:03:00
STARLINK-1135,2024-06-25 11:04:00
STARLINK-2043,2024-06-25 11:05:00
STARLINK-1608,2024-06-25 11:06:00
STARLINK-1032,2024-06-25 11:07:00
STARLINK-1511,2024-06-25 11:08:00
STARLINK-1511,2024-06-25 11:09:00
STARLINK-1505,2024-06-25 11:10:00
STARLINK-1505,2024-06-25 11:11:00
STARLINK-1011,2024-06-25 11:12:00
STARLINK-1011,2024-06-25 11:13:00
STARLINK-1892,2024-06-25 11:14:00
STARLINK-1497,2024-06-25 11:15:00
STARLINK-1497,2024-06-25 11:16:00
STARLINK-1626,2024-06-25 11:17:00
STARLINK-1036,2024-06-25 11:18:00
STARLINK-1036,2024-06-25 11:19:00
STARLINK-1041,2024-06-25 11:20:00
STARLINK-1513,2024-06-25 11:21:00
STARLINK-1513,2024-06-25 11:22:00
STARLINK-1601,2024-06-25 11:23:00
STARLINK-1601,2024-06-25 11:24:00
STARLINK-1094,2024-06-25 11:25:00
STARLINK-1094,2024-06-25 11:26:00
STARLINK-1094,2024-06-25 11:27:00
STARLINK-1047,2024-06-25 11:28:00
STARLINK-1047,2024-06-25 11:29:00
STARLINK-1047,2024-06-25 11:30:00
STARLINK-1117,2024-06-25 11:31:00
STARLINK-1117,2024-06-25 11:32:00
STARLINK-1707,2024-06-25 11:33:00
STARLINK-2153,2024-06-25 11:34:00
STARLINK-1908,2024-06-25 11:35:00
STARLINK-1908,2024-06-25 11:36:00
STARLINK-1908,2024-06-25 11:37:00
STARLINK-1742,2024-06-25 11:38:00
STARLINK-1057,2024-06-25 11:39:00
STARLINK-1057,2024-06-25 11:40:00
STARLINK-1057,2024-06-25 11:41:00
STARLINK-1108,2024-06-25 11:42:00
STARLINK-1108,2024-06-25 11:43:00
STARLINK-3540,2024-06-25 11:44:00
STARLINK-3792,2024-06-25 11:45:00
STARLINK-1910,2024-06-25 11:46:00
STARLINK-1071,2024-06-25 11:47:00
STARLINK-1071,2024-06-25 11:48:00
STARLINK-1071,2024-06-25 11:49:00
STARLINK-1547,2024-06-25 11:50:00
STARLINK-1068,2024-06-25 11:51:00
STARLINK-1068,2024-06-25 11:52:00
STARLINK-1920,2024-06-25 11:53:00
STARLINK-2160,2024-06-25 11:54:00
STARLINK-2286,2024-06-25 11:55:00
STARLINK-1027,2024-06-25 11:56:00
STARLINK-1027,2024-06-25 11:57:00
STARLINK-1027,2024-06-25 11:58:00
STARLINK-1122,2024-06-25 11:59:00
STARLINK-1122,2024-06-25 12:00:00
STARLINK-1769,2024-06-25 12:01:00
STARLINK-1060,2024-06-25 12:02:00
STARLINK-1060,2024-06-25 12:03:00
STARLINK-2159,2024-06-25 12:04:00
STARLINK-1713,2024-06-25 12:05:00
STARLINK-1713,2024-06-25 12:06:00
STARLINK-1713,2024-06-25 12:07:00
STARLINK-1030,2024-06-25 12:08:00
STARLINK-2223,2024-06-25 12:09:00
STARLINK-2181,2024-06-25 12:10:00
STARLINK-2181,2024-06-25 12:11:00
STARLINK-2196,2024-06-25 12:12:00
STARLINK-2278,2024-06-25 12:13:00
STARLINK-2004,2024-06-25 12:14:00
STARLINK-1502,2024-06-25 12:15:00
STARLINK-1483,2024-06-25 12:16:00
STARLINK-1483,2024-06-25 12:17:00
STARLINK-1916,2024-06-25 12:18:00
STARLINK-1916,2024-06-25 12:19:00
STARLINK-2211,2024-06-25 12:20:00
STARLINK-1830,2024-06-25 12:21:00
STARLINK-1830,2024-06-25 12:22:00
STARLINK-2198,2024-06-25 12:23:00
STARLINK-2198,2024-06-25 12:24:00
STARLINK-2170,2024-06-25 12:25:00
STARLINK-1130 (DARKSAT),2024-06-25 12:26:00
STARLINK-1808,2024-06-25 12:27:00
STARLINK-1726,2024-06-25 12:28:00
STARLINK-1038,2024-06-25 12:29:00
STARLINK-1038,2024-06-25 12:30:00
STARLINK-1084,2024-06-25 12:31:00
STARLINK-1084,2024-06-25 12:32:00
STARLINK-1464,2024-06-25 12:33:00
STARLINK-1046,2024-06-25 12:34:00
STARLINK-1046,2024-06-25 12:35:00
STARLINK-1046,2024-06-25 12:36:00
STARLINK-1098,2024-06-25 12:37:00
STARLINK-1098,2024-06-25 12:38:00
STARLINK-1042,2024-06-25 12:39:00
STARLINK-1042,2024-06-25 12:40:00
STARLINK-1833,2024-06-25 12:41:00
STARLINK-1123,2024-06-25 12:42:00
STARLINK-1123,2024-06-25 12:43:00
STARLINK-1123,2024-06-25 12:44:00
STARLINK-1039,2024-06-25 12:45:00
STARLINK-1039,2024-06-25 12:46:00
STARLINK-1039,2024-06-25 12:47:00
STARLINK-2347,2024-06-25 12:48:00
STARLINK-1476,2024-06-25 12:49:00
STARLINK-1793,2024-06-25 12:50:00
STARLINK-1793,2024-06-25 12:51:00
STARLINK-2314,2024-06-25 12:52:00
STARLINK-2314,2024-06-25 12:53:00
STARLINK-1160,2024-06-25 12:54:00
STARLINK-1773,2024-06-25 12:55:00
STARLINK-1058,2024-06-25 12:56:00
STARLINK-1058,2024-06-25 12:57:00
STARLINK-1058,2024-06-25 12:58:00
STARLINK-1104,2024-06-25 12:59:00
STARLINK-1104,2024-06-25 13:00:00
STARLINK-2526,2024-06-25 13:01:00
STARLINK-2182,2024-06-25 13:02:00
STARLINK-2182,2024-06-25 13:03:00
STARLINK-1144,2024-06-25 13:04:00
STARLINK-1144,2024-06-25 13:05:00
STARLINK-1144,2024-06-25 13:06:00
STARLINK-1062,2024-06-25 13:07:00
STARLINK-1062,2024-06-25 13:08:00
STARLINK-1062,2024-06-25 13:09:00
STARLINK-1479,2024-06-25 13:10:00
STARLINK-1479,2024-06-25 13:11:00
STARLINK-2610,2024-06-25 13:12:00
STARLINK-1056,2024-06-25 13:13:00
STARLINK-1056,2024-06-25 13:14:00
STARLINK-1056,2024-06-25 13:15:00
STARLINK-1471,2024-06-25 13:16:00
STARLINK-1471,2024-06-25 13:17:00
STARLINK-2626,2024-06-25 13:18:00
STARLINK-1054,2024-06-25 13:19:00
STARLINK-1054,2024-06-25 13:20:00
STARLINK-1503,2024-06-25 13:21:00
STARLINK-1503,2024-06-25 13:22:00
STARLINK-1503,2024-06-25 13:23:00
STARLINK-1695,2024-06-25 13:24:00
STARLINK-1695,2024-06-25 13:25:00
STARLINK-2379,2024-06-25 13:26:00
STARLINK-1073,2024-06-25 13:27:00
STARLINK-1803,2024-06-25 13:28:00
STARLINK-1738,2024-06-25 13:29:00
STARLINK-1738,2024-06-25 13:30:00
STARLINK-1797,2024-06-25 13:31:00
STARLINK-1797,2024-06-25 13:32:00
STARLINK-1815,2024-06-25 13:33:00
STARLINK-1814,2024-06-25 13:34:00
STARLINK-1814,2024-06-25 13:35:00
STARLINK-1459,2024-06-25 13:36:00
STARLINK-1500,2024-06-25 13:37:00
STARLINK-1500,2024-06-25 13:38:00
STARLINK-1370,2024-06-25 13:39:00
STARLINK-1370,2024-06-25 13:40:00
STARLINK-1186,2024-06-25 13:41:00
STARLINK-1235,2024-06-25 13:42:00
STARLINK-1984,2024-06-25 13:43:00
STARLINK-1790,2024-06-25 13:44:00
STARLINK-1176,2024-06-25 13:45:00
STARLINK-1670,2024-06-25 13:46:00
STARLINK-1670,2024-06-25 13:47:00
STARLINK-1215,2024-06-25 13:48:00
STARLINK-1215,2024-06-25 13:49:00
STARLINK-1221,2024-06-25 13:50:00
STARLINK-1221,2024-06-25 13:51:00
STARLINK-1421,2024-06-25 13:52:00
STARLINK-1421,2024-06-25 13:53:00
STARLINK-1481,2024-06-25 13:54:00
STARLINK-1481,2024-06-25 13:55:00
STARLINK-1481,2024-06-25 13:56:00
STARLINK-1179,2024-06-25 13:57:00
STARLINK-1179,2024-06-25 13:58:00
STARLINK-1217,2024-06-25 13:59:00
STARLINK-1217,2024-06-25 14:00:00
STARLINK-1801,2024-06-25 14:01:00
STARLINK-1173,2024-06-25 14:02:00
STARLINK-1173,2024-06-25 14:03:00
STARLINK-1173,2024-06-25 14:04:00
STARLINK-1270,2024-06-25 14:05:00
STARLINK-1270,2024-06-25 14:06:00
STARLINK-1813,2024-06-25 14:07:00
STARLINK-1183,2024-06-25 14:08:00
STARLINK-1183,2024-06-25 14:09:00
STARLINK-1228,2024-06-25 14:10:00
STARLINK-1187,2024-06-25 14:11:00
STARLINK-1187,2024-06-25 14:12:00
STARLINK-1780,2024-06-25 14:13:00
STARLINK-1686,2024-06-25 14:14:00
STARLINK-1189,2024-06-25 14:15:00
STARLINK-1189,2024-06-25 14:16:00
STARLINK-1189,2024-06-25 14:17:00
STARLINK-1807,2024-06-25 14:18:00
STARLINK-1140,2024-06-25 14:19:00
STARLINK-1140,2024-06-25 14:20:00
STARLINK-1136,2024-06-25 14:21:00
STARLINK-1828,2024-06-25 14:22:00
STARLINK-2021,2024-06-25 14:23:00
STARLINK-1193,2024-06-25 14:24:00
STARLINK-1193,2024-06-25 14:25:00
STARLINK-1193,2024-06-25 14:26:00
STARLINK-1191,2024-06-25 14:27:00
STARLINK-1191,2024-06-25 14:28:00
STARLINK-1720,2024-06-25 14:29:00
STARLINK-1184,2024-06-25 14:30:00
STARLINK-1184,2024-06-25 14:31:00
STARLINK-2453,2024-06-25 14:32:00
STARLINK-1781,2024-06-25 14:33:00
STARLINK-1781,2024-06-25 14:34:00
STARLINK-1723,2024-06-25 14:35:00
STARLINK-1723,2024-06-25 14:36:00
STARLINK-2396,2024-06-25 14:37:00
STARLINK-1222,2024-06-25 14:38:00
STARLINK-1222,2024-06-25 14:39:00
STARLINK-1991,2024-06-25 14:40:00
STARLINK-1142,2024-06-25 14:41:00
STARLINK-1142,2024-06-25 14:42:00
STARLINK-1234,2024-06-25 14:43:00
STARLINK-1234,2024-06-25 14:44:00
STARLINK-1088,2024-06-25 14:45:00
STARLINK-1088,2024-06-25 14:46:00
STARLINK-1088,2024-06-25 14:47:00
STARLINK-1996,2024-06-25 14:48:00
STARLINK-1209,2024-06-25 14:49:00
STARLINK-1209,2024-06-25 14:50:00
STARLINK-1770,2024-06-25 14:51:00
STARLINK-1770,2024-06-25 14:52:00
STARLINK-1770,2024-06-25 14:53:00
STARLINK-1805,2024-06-25 14:54:00
STARLINK-1212,2024-06-25 14:55:00
STARLINK-1805,2024-06-25 14:56:00
STARLINK-1771,2024-06-25 14:57:00
STARLINK-1771,2024-06-25 14:58:00
STARLINK-1938,2024-06-25 14:59:00
STARLINK-1791,2024-06-25 15:00:00
STARLINK-1791,2024-06-25 15:01:00
STARLINK-1752,2024-06-25 15:02:00
STARLINK-1172,2024-06-25 15:03:00
STARLINK-1752,2024-06-25 15:04:00
STARLINK-1986,2024-06-25 15:05:00
STARLINK-1201,2024-06-25 15:06:00
STARLINK-1940,2024-06-25 15:07:00
STARLINK-1145,2024-06-25 15:08:00
STARLINK-1096,2024-06-25 15:09:00
STARLINK-1096,2024-06-25 15:10:00
STARLINK-1206,2024-06-25 15:11:00
STARLINK-1206,2024-06-25 15:12:00
STARLINK-1690,2024-06-25 15:13:00
STARLINK-1690,2024-06-25 15:14:00
STARLINK-1690,2024-06-25 15:15:00
STARLINK-1205,2024-06-25 15:16:00
STARLINK-1205,2024-06-25 15:17:00
STARLINK-1788,2024-06-25 15:18:00
STARLINK-1727,2024-06-25 15:19:00
STARLINK-1727,2024-06-25 15:20:00
STARLINK-2098,2024-06-25 15:21:00
STARLINK-2098,2024-06-25 15:22:00
STARLINK-2401,2024-06-25 15:23:00
STARLINK-2329,2024-06-25 15:24:00
STARLINK-1170,2024-06-25 15:25:00
STARLINK-1170,2024-06-25 15:26:00
STARLINK-2117,2024-06-25 15:27:00
STARLINK-1775,2024-06-25 15:28:00
STARLINK-2134,2024-06-25 15:29:00
STARLINK-1150,2024-06-25 15:30:00
STARLINK-1150,2024-06-25 15:31:00
STARLINK-1150,2024-06-25 15:32:00
STARLINK-1231,2024-06-25 15:33:00
STARLINK-1231,2024-06-25 15:34:00
STARLINK-2105,2024-06-25 15:35:00
STARLINK-2364,2024-06-25 15:36:00
STARLINK-2086,2024-06-25 15:37:00
STARLINK-2055,2024-06-25 15:38:00
STARLINK-1605,2024-06-25 15:39:00
STARLINK-2104,2024-06-25 15:40:00
STARLINK-1133,2024-06-25 15:41:00
STARLINK-1133,2024-06-25 15:42:00
STARLINK-1133,2024-06-25 15:43:00
STARLINK-1208,2024-06-25 15:44:00
STARLINK-1208,2024-06-25 15:45:00
STARLINK-2120,2024-06-25 15:46:00
STARLINK-1151,2024-06-25 15:47:00
STARLINK-1151,2024-06-25 15:48:00
STARLINK-1271,2024-06-25 15:49:00
STARLINK-1271,2024-06-25 15:50:00
STARLINK-1271,2024-06-25 15:51:00
STARLINK-1174,2024-06-25 15:52:00
STARLINK-1174,2024-06-25 15:53:00
STARLINK-1174,2024-06-25 15:54:00
STARLINK-1154,2024-06-25 15:55:00
STARLINK-1154,2024-06-25 15:56:00
STARLINK-1332,2024-06-25 15:57:00
STARLINK-1332,2024-06-25 15:58:00
STARLINK-1332,2024-06-25 15:59:00
STARLINK-1604,2024-06-25 16:00:00
STARLINK-1604,2024-06-25 16:01:00
STARLINK-1604,2024-06-25 16:02:00
STARLINK-1455,2024-06-25 16:03:00
STARLINK-1455,2024-06-25 16:04:00
STARLINK-2008,2024-06-25 16:05:00
STARLINK-1594,2024-06-25 16:06:00
STARLINK-1594,2024-06-25 16:07:00
STARLINK-1418,2024-06-25 16:08:00
STARLINK-1418,2024-06-25 16:09:00
STARLINK-1418,2024-06-25 16:10:00
STARLINK-1623,2024-06-25 16:11:00
STARLINK-1199,2024-06-25 16:12:00
STARLINK-1351,2024-06-25 16:13:00
STARLINK-1351,2024-06-25 16:14:00
STARLINK-1351,2024-06-25 16:15:00
STARLINK-1995,2024-06-25 16:16:00
STARLINK-2340,2024-06-25 16:17:00
STARLINK-1148,2024-06-25 16:18:00
STARLINK-1403,2024-06-25 16:19:00
STARLINK-1403,2024-06-25 16:20:00
STARLINK-1131,2024-06-25 16:21:00
STARLINK-1587,2024-06-25 16:22:00
STARLINK-1587,2024-06-25 16:23:00
STARLINK-1587,2024-06-25 16:24:00
STARLINK-1434,2024-06-25 16:25:00
STARLINK-1434,2024-06-25 16:26:00
STARLINK-1998,2024-06-25 16:27:00
STARLINK-1138,2024-06-25 16:28:00
STARLINK-1612,2024-06-25 16:29:00
STARLINK-1433,2024-06-25 16:30:00
STARLINK-1156,2024-06-25 16:31:00
STARLINK-1156,2024-06-25 16:32:00
STARLINK-1967,2024-06-25 16:33:00
STARLINK-1420,2024-06-25 16:34:00
STARLINK-1420,2024-06-25 16:35:00
STARLINK-1082,2024-06-25 16:36:00
STARLINK-1082,2024-06-25 16:37:00
STARLINK-1893,2024-06-25 16:38:00
STARLINK-1637,2024-06-25 16:39:00
STARLINK-1637,2024-06-25 16:40:00
STARLINK-1162,2024-06-25 16:41:00
STARLINK-1102,2024-06-25 16:42:00
STARLINK-1102,2024-06-25 16:43:00
STARLINK-1102,2024-06-25 16:44:00
STARLINK-2309,2024-06-25 16:45:00
STARLINK-2014,2024-06-25 16:46:00
STARLINK-1412,2024-06-25 16:47:00
STARLINK-1412,2024-06-25 16:48:00
STARLINK-1240,2024-06-25 16:49:00
STARLINK-1240,2024-06-25 16:50:00
STARLINK-1240,2024-06-25 16:51:00
STARLINK-1159,2024-06-25 16:52:00
STARLINK-1159,2024-06-25 16:53:00
STARLINK-1159,2024-06-25 16:54:00
STARLINK-1216,2024-06-25 16:55:00
STARLINK-1216,2024-06-25 16:56:00
STARLINK-1216,2024-06-25 16:57:00
STARLINK-1171,2024-06-25 16:58:00
STARLINK-1171,2024-06-25 16:59:00
STARLINK-1171,2024-06-25 17:00:00
STARLINK-1237,2024-06-25 17:01:00
STARLINK-1237,2024-06-25 17:02:00
STARLINK-2026,2024-06-25 17:03:00
STARLINK-1393,2024-06-25 17:04:00
STARLINK-1863,2024-06-25 17:05:00
STARLINK-1202,2024-06-25 17:06:00
STARLINK-1202,2024-06-25 17:07:00
STARLINK-1202,2024-06-25 17:08:00
STARLINK-1166,2024-06-25 17:09:00
STARLINK-1166,2024-06-25 17:10:00
STARLINK-1166,2024-06-25 17:11:00
STARLINK-1246,2024-06-25 17:12:00
STARLINK-1246,2024-06-25 17:13:00
STARLINK-1414,2024-06-25 17:14:00
STARLINK-1414,2024-06-25 17:15:00
STARLINK-2505,2024-06-25 17:16:00
STARLINK-1224,2024-06-25 17:17:00
STARLINK-1224,2024-06-25 17:18:00
STARLINK-1395,2024-06-25 17:19:00
STARLINK-1395,2024-06-25 17:20:00
STARLINK-1169,2024-06-25 17:21:00
STARLINK-1854,2024-06-25 17:22:00
STARLINK-1225,2024-06-25 17:23:00
STARLINK-1225,2024-06-25 17:24:00
STARLINK-1397,2024-06-25 17:25:00
STARLINK-1397,2024-06-25 17:26:00
STARLINK-1397,2024-06-25 17:27:00
STARLINK-1449,2024-06-25 17:28:00
STARLINK-1230,2024-06-25 17:29:00
STARLINK-1633,2024-06-25 17:30:00
STARLINK-1812,2024-06-25 17:31:00
STARLINK-2069,2024-06-25 17:32:00
STARLINK-1876,2024-06-25 17:33:00
STARLINK-1416,2024-06-25 17:34:00
STARLINK-1416,2024-06-25 17:35:00
STARLINK-1890,2024-06-25 17:36:00
STARLINK-1890,2024-06-25 17:37:00
STARLINK-2081,2024-06-25 17:38:00
STARLINK-1636,2024-06-25 17:39:00
STARLINK-1636,2024-06-25 17:40:00
STARLINK-1636,2024-06-25 17:41:00
STARLINK-1711,2024-06-25 17:42:00
STARLINK-1711,2024-06-25 17:43:00
STARLINK-2034,2024-06-25 17:44:00
STARLINK-1115,2024-06-25 17:45:00
STARLINK-1115,2024-06-25 17:46:00
STARLINK-1404,2024-06-25 17:47:00
STARLINK-1404,2024-06-25 17:48:00
STARLINK-1404,2024-06-25 17:49:00
STARLINK-1635,2024-06-25 17:50:00
STARLINK-1635,2024-06-25 17:51:00
STARLINK-1635,2024-06-25 17:52:00
STARLINK-1642,2024-06-25 17:53:00
STARLINK-1642,2024-06-25 17:54:00
STARLINK-1457,2024-06-25 17:55:00
STARLINK-1457,2024-06-25 17:56:00
STARLINK-1457,2024-06-25 17:57:00
STARLINK-3865,2024-06-25 17:58:00
STARLINK-2119,2024-06-25 17:59:00
STARLINK-1882,2024-06-25 18:00:00
STARLINK-1882,2024-06-25 18:01:00
STARLINK-2273,2024-06-25 18:02:00
STARLINK-1880,2024-06-25 18:03:00
STARLINK-1093,2024-06-25 18:04:00
STARLINK-1093,2024-06-25 18:05:00
STARLINK-1093,2024-06-25 18:06:00
STARLINK-1844,2024-06-25 18:07:00
STARLINK-1320,2024-06-25 18:08:00
STARLINK-1320,2024-06-25 18:09:00
STARLINK-1417,2024-06-25 18:10:00
STARLINK-1785,2024-06-25 18:11:00
STARLINK-1878,2024-06-25 18:12:00
STARLINK-1860,2024-06-25 18:13:00
STARLINK-1860,2024-06-25 18:14:00
STARLINK-1867,2024-06-25 18:15:00
STARLINK-1867,2024-06-25 18:16:00
STARLINK-1443,2024-06-25 18:17:00
STARLINK-1443,2024-06-25 18:18:00
STARLINK-1443,2024-06-25 18:19:00
STARLINK-1643,2024-06-25 18:20:00
STARLINK-1643,2024-06-25 18:21:00
STARLINK-1643,2024-06-25 18:22:00
STARLINK-1448,2024-06-25 18:23:00
STARLINK-1111,2024-06-25 18:24:00
STARLINK-2042,2024-06-25 18:25:00
STARLINK-2042,2024-06-25 18:26:00
STARLINK-1721,2024-06-25 18:27:00
STARLINK-1451,2024-06-25 18:28:00
STARLINK-1451,2024-06-25 18:29:00
STARLINK-1451,2024-06-25 18:30:00
STARLINK-3658,2024-06-25 18:31:00
STARLINK-1076,2024-06-25 18:32:00
STARLINK-1113,2024-06-25 18:33:00
STARLINK-1113,2024-06-25 18:34:00
STARLINK-1460,2024-06-25 18:35:00
STARLINK-1618,2024-06-25 18:36:00
STARLINK-1092,2024-06-25 18:37:00
STARLINK-1092,2024-06-25 18:38:00
STARLINK-1835,2024-06-25 18:39:00
STARLINK-1835,2024-06-25 18:40:00
STARLINK-1911,2024-06-25 18:41:00
STARLINK-1079,2024-06-25 18:42:00
STARLINK-1080,2024-06-25 18:43:00
STARLINK-1883,2024-06-25 18:44:00
STARLINK-1588,2024-06-25 18:45:00
STARLINK-1588,2024-06-25 18:46:00
STARLINK-1588,2024-06-25 18:47:00
STARLINK-1905,2024-06-25 18:48:00
STARLINK-2520,2024-06-25 18:49:00
STARLINK-1313,2024-06-25 18:50:00
STARLINK-1313,2024-06-25 18:51:00
STARLINK-1595,2024-06-25 18:52:00
STARLINK-1349,2024-06-25 18:53:00
STARLINK-1349,2024-06-25 18:54:00
STARLINK-1349,2024-06-25 18:55:00
STARLINK-1640,2024-06-25 18:56:00
STARLINK-1640,2024-06-25 18:57:00
STARLINK-1331,2024-06-25 18:58:00
STARLINK-1331,2024-06-25 18:59:00
STARLINK-1331,2024-06-25 19:00:00
STARLINK-2562,2024-06-25 19:01:00
STARLINK-1611,2024-06-25 19:02:00
STARLINK-1611,2024-06-25 19:03:00
STARLINK-1894,2024-06-25 19:04:00
STARLINK-1894,2024-06-25 19:05:00
STARLINK-2725,2024-06-25 19:06:00
STARLINK-1333,2024-06-25 19:07:00
STARLINK-1333,2024-06-25 19:08:00
STARLINK-1641,2024-06-25 19:09:00
STARLINK-1109,2024-06-25 19:10:00
STARLINK-1109,2024-06-25 19:11:00
STARLINK-1354,2024-06-25 19:12:00
STARLINK-1354,2024-06-25 19:13:00
STARLINK-1597,2024-06-25 19:14:00
STARLINK-1091,2024-06-25 19:15:00
STARLINK-1091,2024-06-25 19:16:00
STARLINK-1091,2024-06-25 19:17:00
STARLINK-1357,2024-06-25 19:18:00
STARLINK-1357,2024-06-25 19:19:00
STARLINK-1834,2024-06-25 19:20:00
STARLINK-1848,2024-06-25 19:21:00
STARLINK-1734,2024-06-25 19:22:00
STARLINK-1327,2024-06-25 19:23:00
STARLINK-1327,2024-06-25 19:24:00
STARLINK-1327,2024-06-25 19:25:00
STARLINK-1942,2024-06-25 19:26:00
STARLINK-1942,2024-06-25 19:27:00
STARLINK-1356,2024-06-25 19:28:00
STARLINK-1356,2024-06-25 19:29:00
STARLINK-1356,2024-06-25 19:30:00
STARLINK-1933,2024-06-25 19:31:00
STARLINK-1928,2024-06-25 19:32:00
STARLINK-1575,2024-06-25 19:33:00
STARLINK-1355,2024-06-25 19:34:00
STARLINK-1355,2024-06-25 19:35:00
STARLINK-1355,2024-06-25 19:36:00
STARLINK-1892,2024-06-25 19:37:00
STARLINK-3743,2024-06-25 19:38:00
STARLINK-1724,2024-06-25 19:39:00
STARLINK-1358,2024-06-25 19:40:00
STARLINK-1358,2024-06-25 19:41:00
STARLINK-1922,2024-06-25 19:42:00
STARLINK-1536,2024-06-25 19:43:00
STARLINK-1722,2024-06-25 19:44:00
STARLINK-1342,2024-06-25 19:45:00
STARLINK-1342,2024-06-25 19:46:00
STARLINK-1342,2024-06-25 19:47:00
STARLINK-1094,2024-06-25 19:48:00
STARLINK-1094,2024-06-25 19:49:00
STARLINK-1094,2024-06-25 19:50:00
STARLINK-1376,2024-06-25 19:51:00
STARLINK-1376,2024-06-25 19:52:00
STARLINK-2534,2024-06-25 19:53:00
STARLINK-1117,2024-06-25 19:54:00
STARLINK-1117,2024-06-25 19:55:00
STARLINK-1361,2024-06-25 19:56:00
STARLINK-1361,2024-06-25 19:57:00
STARLINK-1361,2024-06-25 19:58:00
STARLINK-1559,2024-06-25 19:59:00
STARLINK-1559,2024-06-25 20:00:00
STARLINK-1742,2024-06-25 20:01:00
STARLINK-1213,2024-06-25 20:02:00
STARLINK-1213,2024-06-25 20:03:00
STARLINK-1213,2024-06-25 20:04:00
STARLINK-2565,2024-06-25 20:05:00
STARLINK-2565,2024-06-25 20:06:00
STARLINK-2263,2024-06-25 20:07:00
STARLINK-2263,2024-06-25 20:08:00
STARLINK-2263,2024-06-25 20:09:00
STARLINK-1538,2024-06-25 20:10:00
STARLINK-1538,2024-06-25 20:11:00
STARLINK-1538,2024-06-25 20:12:00
STARLINK-1547,2024-06-25 20:13:00
STARLINK-2226,2024-06-25 20:14:00
STARLINK-1525,2024-06-25 20:15:00
STARLINK-1525,2024-06-25 20:16:00
STARLINK-1525,2024-06-25 20:17:00
STARLINK-2286,2024-06-25 20:18:00
STARLINK-1371,2024-06-25 20:19:00
STARLINK-2015,2024-06-25 20:20:00
STARLINK-2523,2024-06-25 20:21:00
STARLINK-2477,2024-06-25 20:22:00
STARLINK-2477,2024-06-25 20:23:00
STARLINK-1341,2024-06-25 20:24:00
STARLINK-1103,2024-06-25 20:25:00
STARLINK-1103,2024-06-25 20:26:00
STARLINK-1103,2024-06-25 20:27:00
STARLINK-1112,2024-06-25 20:28:00
STARLINK-1374,2024-06-25 20:29:00
STARLINK-1374,2024-06-25 20:30:00
STARLINK-1579,2024-06-25 20:31:00
STARLINK-1568,2024-06-25 20:32:00
STARLINK-1568,2024-06-25 20:33:00
STARLINK-2029,2024-06-25 20:34:00
STARLINK-2278,2024-06-25 20:35:00
STARLINK-2278,2024-06-25 20:36:00
STARLINK-2118,2024-06-25 20:37:00
STARLINK-2048,2024-06-25 20:38:00
STARLINK-2048,2024-06-25 20:39:00
STARLINK-2469,2024-06-25 20:40:00
STARLINK-1916,2024-06-25 20:41:00
STARLINK-1916,2024-06-25 20:42:00
STARLINK-1114,2024-06-25 20:43:00
STARLINK-1114,2024-06-25 20:44:00
STARLINK-1114,2024-06-25 20:45:00
STARLINK-1375,2024-06-25 20:46:00
STARLINK-1375,2024-06-25 20:47:00
STARLINK-2586,2024-06-25 20:48:00
STARLINK-1130 (DARKSAT),2024-06-25 20:49:00
STARLINK-1130 (DARKSAT),2024-06-25 20:50:00
STARLINK-1350,2024-06-25 20:51:00
STARLINK-1350,2024-06-25 20:52:00
STARLINK-1350,2024-06-25 20:53:00
STARLINK-1084,2024-06-25 20:54:00
STARLINK-1084,2024-06-25 20:55:00
STARLINK-1084,2024-06-25 20:56:00
STARLINK-1352,2024-06-25 20:57:00
STARLINK-1352,2024-06-25 20:58:00
STARLINK-2592,2024-06-25 20:59:00
STARLINK-1098,2024-06-25 21:00:00
STARLINK-1098,2024-06-25 21:01:00
STARLINK-1197,2024-06-25 21:02:00
STARLINK-1368,2024-06-25 21:03:00
STARLINK-1368,2024-06-25 21:04:00
STARLINK-1123,2024-06-25 21:05:00
STARLINK-1123,2024-06-25 21:06:00
STARLINK-1123,2024-06-25 21:07:00
STARLINK-1369,2024-06-25 21:08:00
STARLINK-1369,2024-06-25 21:09:00
STARLINK-1574,2024-06-25 21:10:00
STARLINK-1574,2024-06-25 21:11:00
STARLINK-1574,2024-06-25 21:12:00
STARLINK-1372,2024-06-25 21:13:00
STARLINK-1372,2024-06-25 21:14:00
STARLINK-1372,2024-06-25 21:15:00
STARLINK-1554,2024-06-25 21:16:00
STARLINK-1554,2024-06-25 21:17:00
STARLINK-2612,2024-06-25 21:18:00
STARLINK-1760,2024-06-25 21:19:00
STARLINK-1760,2024-06-25 21:20:00
STARLINK-1541,2024-06-25 21:21:00
STARLINK-1541,2024-06-25 21:22:00
STARLINK-1104,2024-06-25 21:23:00
STARLINK-1725,2024-06-25 21:24:00
STARLINK-1029,2024-06-25 21:25:00
STARLINK-1564,2024-06-25 21:26:00
STARLINK-1543,2024-06-25 21:27:00
STARLINK-1543,2024-06-25 21:28:00
STARLINK-2614,2024-06-25 21:29:00
STARLINK-1710,2024-06-25 21:30:00
STARLINK-1710,2024-06-25 21:31:00
STARLINK-1710,2024-06-25 21:32:00
STARLINK-1209,2024-06-25 21:33:00
STARLINK-2610,2024-06-25 21:34:00
STARLINK-1653,2024-06-25 21:35:00
STARLINK-1653,2024-06-25 21:36:00
STARLINK-1653,2024-06-25 21:37:00
STARLINK-1370,2024-06-25 21:38:00
STARLINK-1212,2024-06-25 21:39:00
STARLINK-2603,2024-06-25 21:40:00
STARLINK-1581,2024-06-25 21:41:00
STARLINK-1978,2024-06-25 21:42:00
STARLINK-1540,2024-06-25 21:43:00
STARLINK-1540,2024-06-25 21:44:00
STARLINK-1540,2024-06-25 21:45:00
STARLINK-1526,2024-06-25 21:46:00
STARLINK-1526,2024-06-25 21:47:00
STARLINK-1695,2024-06-25 21:48:00
STARLINK-2045,2024-06-25 21:49:00
STARLINK-2045,2024-06-25 21:50:00
STARLINK-2045,2024-06-25 21:51:00
STARLINK-1738,2024-06-25 21:52:00
STARLINK-1421,2024-06-25 21:53:00
STARLINK-1421,2024-06-25 21:54:00
STARLINK-1247,2024-06-25 21:55:00
STARLINK-1247,2024-06-25 21:56:00
STARLINK-1523,2024-06-25 21:57:00
STARLINK-1523,2024-06-25 21:58:00
STARLINK-2116,2024-06-25 21:59:00
STARLINK-1227,2024-06-25 22:00:00
STARLINK-1227,2024-06-25 22:01:00
STARLINK-1227,2024-06-25 22:02:00
STARLINK-1544,2024-06-25 22:03:00
STARLINK-1275,2024-06-25 22:04:00
STARLINK-1275,2024-06-25 22:05:00
STARLINK-1226,2024-06-25 22:06:00
STARLINK-1226,2024-06-25 22:07:00
STARLINK-1591,2024-06-25 22:08:00
STARLINK-1591,2024-06-25 22:09:00
STARLINK-1591,2024-06-25 22:10:00
STARLINK-1215,2024-06-25 22:11:00
STARLINK-1215,2024-06-25 22:12:00
STARLINK-1215,2024-06-25 22:13:00
STARLINK-1221,2024-06-25 22:14:00
STARLINK-1534,2024-06-25 22:15:00
STARLINK-1488,2024-06-25 22:16:00
STARLINK-1488,2024-06-25 22:17:00
STARLINK-2028,2024-06-25 22:18:00
STARLINK-1580,2024-06-25 22:19:00
STARLINK-1580,2024-06-25 22:20:00
STARLINK-1580,2024-06-25 22:21:00
STARLINK-1217,2024-06-25 22:22:00
STARLINK-1217,2024-06-25 22:23:00
STARLINK-1217,2024-06-25 22:24:00
STARLINK-1565,2024-06-25 22:25:00
STARLINK-1565,2024-06-25 22:26:00
STARLINK-1282,2024-06-25 22:27:00
STARLINK-1270,2024-06-25 22:28:00
STARLINK-1270,2024-06-25 22:29:00
STARLINK-1560,2024-06-25 22:30:00
STARLINK-1560,2024-06-25 22:31:00
STARLINK-1155,2024-06-25 22:32:00
STARLINK-1228,2024-06-25 22:33:00
STARLINK-1187,2024-06-25 22:34:00
STARLINK-1187,2024-06-25 22:35:00
STARLINK-1409,2024-06-25 22:36:00
STARLINK-1409,2024-06-25 22:37:00
STARLINK-1279,2024-06-25 22:38:00
STARLINK-1189,2024-06-25 22:39:00
STARLINK-1189,2024-06-25 22:40:00
STARLINK-1059,2024-06-25 22:41:00
STARLINK-1059,2024-06-25 22:42:00
STARLINK-1059,2024-06-25 22:43:00
STARLINK-1298,2024-06-25 22:44:00
STARLINK-1298,2024-06-25 22:45:00
STARLINK-2021,2024-06-25 22:46:00
STARLINK-1767,2024-06-25 22:47:00
STARLINK-1767,2024-06-25 22:48:00
STARLINK-1293,2024-06-25 22:49:00
STARLINK-1293,2024-06-25 22:50:00
STARLINK-1293,2024-06-25 22:51:00
STARLINK-1657,2024-06-25 22:52:00
STARLINK-1657,2024-06-25 22:53:00
STARLINK-1657,2024-06-25 22:54:00
STARLINK-1255,2024-06-25 22:55:00
STARLINK-1199,2024-06-25 22:56:00
STARLINK-1971,2024-06-25 22:57:00
STARLINK-1284,2024-06-25 22:58:00
STARLINK-1723,2024-06-25 22:59:00
STARLINK-1316,2024-06-25 23:00:00
STARLINK-1210,2024-06-25 23:01:00
STARLINK-1210,2024-06-25 23:02:00
STARLINK-1258,2024-06-25 23:03:00
STARLINK-1258,2024-06-25 23:04:00
STARLINK-1961,2024-06-25 23:05:00
STARLINK-1219,2024-06-25 23:06:00
STARLINK-1219,2024-06-25 23:07:00
STARLINK-1292,2024-06-25 23:08:00
STARLINK-1292,2024-06-25 23:09:00
STARLINK-1292,2024-06-25 23:10:00
STARLINK-1256,2024-06-25 23:11:00
STARLINK-1256,2024-06-25 23:12:00
STARLINK-1256,2024-06-25 23:13:00
STARLINK-1274,2024-06-25 23:14:00
STARLINK-1274,2024-06-25 23:15:00
STARLINK-1450,2024-06-25 23:16:00
STARLINK-2115,2024-06-25 23:17:00
STARLINK-2115,2024-06-25 23:18:00
STARLINK-1664,2024-06-25 23:19:00
STARLINK-1664,2024-06-25 23:20:00
STARLINK-1238,2024-06-25 23:21:00
STARLINK-1238,2024-06-25 23:22:00
STARLINK-1238,2024-06-25 23:23:00
STARLINK-2046,2024-06-25 23:24:00
STARLINK-1303,2024-06-25 23:25:00
STARLINK-1303,2024-06-25 23:26:00
STARLINK-1986,2024-06-25 23:27:00
STARLINK-1201,2024-06-25 23:28:00
STARLINK-1201,2024-06-25 23:29:00
STARLINK-1201,2024-06-25 23:30:00
STARLINK-1312,2024-06-25 23:31:00
STARLINK-1312,2024-06-25 23:32:00
STARLINK-1989,2024-06-25 23:33:00
STARLINK-1206,2024-06-25 23:34:00
STARLINK-1206,2024-06-25 23:35:00
STARLINK-1283,2024-06-25 23:36:00
STARLINK-1283,2024-06-25 23:37:00
STARLINK-1283,2024-06-25 23:38:00
STARLINK-1205,2024-06-25 23:39:00
STARLINK-1205,2024-06-25 23:40:00
STARLINK-1205,2024-06-25 23:41:00
STARLINK-1307,2024-06-25 23:42:00
STARLINK-1307,2024-06-25 23:43:00
STARLINK-1741,2024-06-25 23:44:00
STARLINK-1741,2024-06-25 23:45:00
STARLINK-1681,2024-06-25 23:46:00
STARLINK-1681,2024-06-25 23:47:00
STARLINK-2049,2024-06-25 23:48:00
STARLINK-2430,2024-06-25 23:49:00
STARLINK-1749,2024-06-25 23:50:00
STARLINK-1749,2024-06-25 23:51:00
STARLINK-2134,2024-06-25 23:52:00
STARLINK-1297,2024-06-25 23:53:00
STARLINK-1297,2024-06-25 23:54:00
STARLINK-1736,2024-06-25 23:55:00
STARLINK-1231,2024-06-25 23:56:00
STARLINK-1231,2024-06-25 23:57:00
STARLINK-1301,2024-06-25 23:58:00
STARLINK-1301,2024-06-25 23:59:00
STARLINK-1400,2024-06-26 00:00:00
